logFC	AveExpr	t	P.Value	adj.P.Val	B	index	Protein	Peptide	Limma	specificity	nterm	semi_type	is_terminal	Feature	Gene	Description	protein_id	protein_description	protein_length	start_position	end_position	last_aa	aa_after	aa_before	following_10_resid	previous_10_resid	general_position	Genes	cleave_area	cleave_area20
0.8080538100973899	22.366936541841014	5.639119331328275	1.1443841323634863e-4	0.017181367223620885	1.5264781249308044	P14136_VSSGEMMVGGLAPGRR	P14136	VSSGEMMVGGLAPGRR	Robust - w Patient effect	semi_specific	TMT-labelled	semi_Nterm	not_terminal	Up-regulated Semi-tryptic	GFAP	Glial fibrillary acidic protein	P14136	Glial fibrillary acidic protein	432	15	30	R	L	Y	LGPGTRLSLA	RITSAARRSY	not_terminal	P14136	RITSAARRSYVSSGEMMVGGLAPGRRLGPGTRLSLA	RITSAARRSYVSSGEMMVGG
0.6486184608857389	21.8445446535414	5.610349524849991	1.1973438844145347e-4	0.017302505783929688	1.4814266677883454	P07339_EGPIPEVLK	P07339	EGPIPEVLK	Robust - w Patient effect	semi_specific	TMT-labelled	semi_Nterm	not_terminal	Up-regulated Semi-tryptic	CTSD	Cathepsin D	P07339	Cathepsin D	412	64	72	K	N	T	NYMDAQYYGE	KYSQAVPAVT	not_terminal	P07339	KYSQAVPAVTEGPIPEVLKNYMDAQYYGE	KYSQAVPAVTEGPIPEVLKN
0.8691070826702751	17.78044888123235	5.5457410198900385	1.3259434125453452e-4	0.017434718539980916	1.389827146100754	P02458_PGERGETGPPGPAGFAGPPGADGQPGAK	P02458	PGERGETGPPGPAGFAGPPGADGQPGAK	Robust - w Patient effect	semi_specific	free	semi_Nterm	not_terminal	Up-regulated Semi-tryptic	COL2A1	Collagen alpha-1(II) chain	P02458	Collagen alpha-1(II) chain	1487	821	848	K	G	A	GEQGEAGQKG	PAGSAGARGA	not_terminal	P02458	PAGSAGARGAPGERGETGPPGPAGFAGPPGADGQPGAKGEQGEAGQKG	PAGSAGARGAPGERGETGPP
0.541428466896592	22.90121235362183	5.363080372076959	1.7748820326530425e-4	0.01923168746086926	1.1090525080427271	P14136_VDFSLAGALN	P14136	VDFSLAGALN	Robust - w Patient effect	semi_specific	TMT-labelled	semi_Cterm	not_terminal	Up-regulated Semi-tryptic	GFAP	Glial fibrillary acidic protein	P14136	Glial fibrillary acidic protein	432	50	59	N	A	R	AGFKETRASE	ARMPPPLPTR	not_terminal	P14136	ARMPPPLPTRVDFSLAGALNAGFKETRASE	VDFSLAGALNAGFKETRASE
0.5856997735997524	21.41425349607527	5.10213135180191	2.7141327439570784e-4	0.023134917298813496	0.6978125904873673	P14136_SGEMMVGGLAPGRR	P14136	SGEMMVGGLAPGRR	Robust - w Patient effect	semi_specific	TMT-labelled	semi_Nterm	not_terminal	Up-regulated Semi-tryptic	GFAP	Glial fibrillary acidic protein	P14136	Glial fibrillary acidic protein	432	17	30	R	L	S	LGPGTRLSLA	TSAARRSYVS	not_terminal	P14136	TSAARRSYVSSGEMMVGGLAPGRRLGPGTRLSLA	TSAARRSYVSSGEMMVGGLA
0.3753122637972249	17.176364850652106	4.815105121152633	4.3780547411310667e-4	0.028635078831595866	0.2331302207130479	P14136_SYVSSGEMMVGGLAPG	P14136	SYVSSGEMMVGGLAPG	Robust - w Patient effect	semi_specific	TMT-labelled	semi_Cterm	not_terminal	Up-regulated Semi-tryptic	GFAP	Glial fibrillary acidic protein	P14136	Glial fibrillary acidic protein	432	13	28	G	R	R	RRLGPGTRLS	RRRITSAARR	not_terminal	P14136	RRRITSAARRSYVSSGEMMVGGLAPGRRLGPGTRLS	EMMVGGLAPGRRLGPGTRLS
0.4788526718525198	17.094167454654112	4.719205321776837	5.149322334150217e-4	0.029973893963719786	0.0821746858790755	Q14956_DVYVVTDQIPVFVTM	Q14956	DVYVVTDQIPVFVTM	Robust - w Patient effect	semi_specific	TMT-labelled	semi_Cterm	not_terminal	Up-regulated Semi-tryptic	GPNMB	Transmembrane glycoprotein NMB	Q14956	Transmembrane glycoprotein NMB	572	228	242	M	F	K	FQKNDRNSSD	RAYVPIAQVK	not_terminal	Q14956	RAYVPIAQVKDVYVVTDQIPVFVTMFQKNDRNSSD	TDQIPVFVTMFQKNDRNSSD
-0.9920353278342933	19.973487987509724	-4.714827828232211	5.187756180186491e-4	0.029973893963719786	0.06777430436474763	P62805_AVTYTEHAK	P62805	AVTYTEHAK	Robust - w Patient effect	semi_specific	TMT-labelled	semi_Nterm	not_terminal	Down-regulated Semi-tryptic	H4-16	Histone H4	P62805	Histone H4	103	70	78	K	R	D	RKTVTAMDVV	KVFLENVIRD	not_terminal	P62805	KVFLENVIRDAVTYTEHAKRKTVTAMDVV	KVFLENVIRDAVTYTEHAKR
0.5238592700930376	22.698020808097745	4.676198154293766	5.540214779499791e-4	0.030736139277895157	0.017122212824633998	P69905_TYFPHFDLSHGSAQVKG	P69905	TYFPHFDLSHGSAQVKG	Robust - w Patient effect	semi_specific	TMT-labelled	semi_Cterm	not_terminal	Up-regulated Semi-tryptic	HBA1	Hemoglobin subunit alpha	P69905	Hemoglobin subunit alpha	142	42	58	G	H	K	HGKKVADALT	RMFLSFPTTK	not_terminal	P69905	RMFLSFPTTKTYFPHFDLSHGSAQVKGHGKKVADALT	LSHGSAQVKGHGKKVADALT
0.7936368995125734	19.925683436017238	4.642296507603639	5.870169475878865e-4	0.03127285448198047	-0.04862649436462707	P08670_MFGGPGTASRPSS	P08670	MFGGPGTASRPSS	Robust - w Patient effect	semi_specific	TMT-labelled	semi_Cterm	not_terminal	Up-regulated Semi-tryptic	VIM	Vimentin	P08670	Vimentin	466	14	26	S	S	R	SRSYVTTSTR	RSVSSSSYRR	not_terminal	P08670	RSVSSSSYRRMFGGPGTASRPSSSRSYVTTSTR	GPGTASRPSSSRSYVTTSTR
0.41584681608816865	24.65896872357949	4.629931877481716	5.995567867142033e-4	0.031474085493601964	-0.076171374790027	P14136_ITIPVQTFSNL	P14136	ITIPVQTFSNL	Robust - w Patient effect	semi_specific	TMT-labelled	semi_Cterm	not_terminal	Up-regulated Semi-tryptic	GFAP	Glial fibrillary acidic protein	P14136	Glial fibrillary acidic protein	432	377	387	L	Q	R	QIRETSLDTK	RKLLEGEENR	not_terminal	P14136	RKLLEGEENRITIPVQTFSNLQIRETSLDTK	TIPVQTFSNLQIRETSLDTK
-0.30420494967594935	18.215726757452927	-4.507763465646442	7.395998003355998e-4	0.033168435255260004	-0.24588710404686953	P08574_SDLELHPPSYPWSHR	P08574	SDLELHPPSYPWSHR	Robust - w Patient effect	semi_specific	TMT-labelled	semi_Nterm	not_terminal	Down-regulated Semi-tryptic	CYC1	Cytochrome c1, heme protein, mitochondrial	P08574	Cytochrome c1, heme protein, mitochondrial	325	85	99	R	G	A	GLLSSLDHTS	AMALHSAVSA	not_terminal	P08574	AMALHSAVSASDLELHPPSYPWSHRGLLSSLDHTS	AMALHSAVSASDLELHPPSY
0.41315723730934534	17.47188444279058	4.509719174395426	7.371073632091034e-4	0.033168435255260004	-0.28054332985479835	P00387_TLDRAPEAWDYGQGFVNEEMIR	P00387	TLDRAPEAWDYGQGFVNEEMIR	Robust - w Patient effect	semi_specific	TMT-labelled	semi_Nterm	not_terminal	Up-regulated Semi-tryptic	CYB5R3	NADH-cytochrome b5 reductase 3	P00387	NADH-cytochrome b5 reductase 3	301	238	259	R	D	Y	DHLPPPEEEP	KHSARFKLWY	not_terminal	P00387	KHSARFKLWYTLDRAPEAWDYGQGFVNEEMIRDHLPPPEEEP	KHSARFKLWYTLDRAPEAWD
0.5551127046704485	18.218622984660133	4.461431465656684	8.012909943381375e-4	0.03415152788400745	-0.3476738280237299	P08670_VSKPDLTAALR	P08670	VSKPDLTAALR	Robust - w Patient effect	semi_specific	TMT-labelled	semi_Nterm	not_terminal	Up-regulated Semi-tryptic	VIM	Vimentin	P08670	Vimentin	466	260	270	R	D	D	DVRQQYESVA	QEQHVQIDVD	not_terminal	P08670	QEQHVQIDVDVSKPDLTAALRDVRQQYESVA	QEQHVQIDVDVSKPDLTAAL
0.348682079871177	18.302462143806512	4.461414177158613	8.0131498970953e-4	0.03415152788400745	-0.34993113819898003	P02768_PADLPSLAADFVESK	P02768	PADLPSLAADFVESK	Robust - w Patient effect	semi_specific	TMT-labelled	semi_Nterm	not_terminal	Up-regulated Semi-tryptic	ALB	Serum albumin	P02768	Serum albumin	609	323	337	K	D	M	DVCKNYAEAK	CIAEVENDEM	not_terminal	P02768	CIAEVENDEMPADLPSLAADFVESKDVCKNYAEAK	CIAEVENDEMPADLPSLAAD
-0.3023787987671347	19.792323813734175	-4.379043888993136	9.245945782503154e-4	0.036794408336877006	-0.4502294595135581	Q00610_ITNVLQNPDLALR	Q00610	ITNVLQNPDLALR	Robust - w Patient effect	semi_specific	TMT-labelled	semi_Nterm	not_terminal	Down-regulated Semi-tryptic	CLTC	Clathrin heavy chain 1	Q00610	Clathrin heavy chain 1	1675	338	350	R	M	Y	MAVRNNLAGA	CVEEENIIPY	not_terminal	Q00610	CVEEENIIPYITNVLQNPDLALRMAVRNNLAGA	CVEEENIIPYITNVLQNPDL
0.9160509877279966	19.952869099402374	4.342442158803376	9.85564431958281e-4	0.03731932376298739	-0.5510934219774928	P14136_LEEEGQSLKD	P14136	LEEEGQSLKD	Robust - w Patient effect	semi_specific	TMT-labelled	semi_Cterm	not_terminal	Up-regulated Semi-tryptic	GFAP	Glial fibrillary acidic protein	P14136	Glial fibrillary acidic protein	432	331	340	D	E	R	EMARHLQEYQ	AASYQEALAR	not_terminal	P14136	AASYQEALARLEEEGQSLKDEMARHLQEYQ	LEEEGQSLKDEMARHLQEYQ
0.6861146189994239	17.36107504057698	4.309500264058554	0.0010440147391250546	0.03831534092588951	-0.6191951517670446	P04004_GNPEQTPVLKPEEEAPAPEVG	P04004	GNPEQTPVLKPEEEAPAPEVG	Robust - w Patient effect	semi_specific	TMT-labelled	semi_Cterm	not_terminal	Up-regulated Semi-tryptic	VTN	Vitronectin	P04004	Vitronectin	478	108	128	G	A	K	ASKPEGIDSR	LTSDLQAQSK	not_terminal	P04004	LTSDLQAQSKGNPEQTPVLKPEEEAPAPEVGASKPEGIDSR	EEEAPAPEVGASKPEGIDSR
0.2914670440632066	22.257491698398738	4.12419252511013	0.0014471276477682035	0.04343742120276068	-0.9126718391629352	P06396_VVEHPEFLK	P06396	VVEHPEFLK	Robust - w Patient effect	semi_specific	TMT-labelled	semi_Nterm	not_terminal	Up-regulated Semi-tryptic	GSN	Gelsolin	P06396	Gelsolin	782	53	61	K	A	M	AGKEPGLQIW	RVPEARPNSM	not_terminal	P06396	RVPEARPNSMVVEHPEFLKAGKEPGLQIW	RVPEARPNSMVVEHPEFLKA
0.5986884819268209	18.76758254824055	4.120001840971149	0.001457919609931758	0.04343742120276068	-0.9233606920770212	P02686_DTGILDSIGRFFG	P02686	DTGILDSIGRFFG	Robust - w Patient effect	semi_specific	TMT-labelled	semi_Cterm	not_terminal	Up-regulated Semi-tryptic	MBP	Myelin basic protein	P02686	Myelin basic protein	304	168	180	G	G	R	GDRGAPKRGS	ARHGFLPRHR	not_terminal	P02686	ARHGFLPRHRDTGILDSIGRFFGGDRGAPKRGS	ILDSIGRFFGGDRGAPKRGS
0.6851041813766641	23.78821432292902	4.12937765488368	0.0014338892002422833	0.04343742120276068	-0.9279146413442865	P07339_GPIPEVLK	P07339	GPIPEVLK	Robust - w Patient effect	semi_specific	TMT-labelled	semi_Nterm	not_terminal	Up-regulated Semi-tryptic	CTSD	Cathepsin D	P07339	Cathepsin D	412	65	72	K	N	E	NYMDAQYYGE	YSQAVPAVTE	not_terminal	P07339	YSQAVPAVTEGPIPEVLKNYMDAQYYGE	YSQAVPAVTEGPIPEVLKNY
-0.5683568371885515	21.397810495783116	-4.06520163094685	0.0016069670764301516	0.04423069944153616	-0.9941366194245127	P10636_VQIVYKPVDLSK	P10636	VQIVYKPVDLSK	Robust - w Patient effect	semi_specific	TMT-labelled	semi_Nterm	not_terminal	Down-regulated Semi-tryptic	MAPT	Microtubule-associated protein tau	P10636	Microtubule-associated protein tau	758	623	634	K	V	S	VTSKCGSLGN	NIKHVPGGGS	not_terminal	P10636	NIKHVPGGGSVQIVYKPVDLSKVTSKCGSLGN	NIKHVPGGGSVQIVYKPVDL
0.4864153018163252	19.556125926096847	4.073533735912423	0.0015833254704512194	0.04423069944153616	-1.0102252684119302	P21291_GFGFGQGAGALVH	P21291	GFGFGQGAGALVH	Robust - w Patient effect	semi_specific	TMT-labelled	semi_Cterm	not_terminal	Up-regulated Semi-tryptic	CSRP1	Cysteine and glycine-rich protein 1	P21291	Cysteine and glycine-rich protein 1	193	179	191	H	S	K	SE	GCYAKNFGPK	not_terminal	P21291	GCYAKNFGPKGFGFGQGAGALVHSEXXXXXXXX	FGQGAGALVHSEXXXXXXXX
0.4809634430243997	18.76177863806236	4.0495296373147704	0.0016524296266336642	0.0444691247993153	-1.054904108923358	P14136_DVAKPDLTAALK	P14136	DVAKPDLTAALK	Robust - w Patient effect	semi_specific	TMT-labelled	semi_Nterm	not_terminal	Up-regulated Semi-tryptic	GFAP	Glial fibrillary acidic protein	P14136	Glial fibrillary acidic protein	432	225	236	K	E	L	EIRTQYEAMA	LARQQVHVEL	not_terminal	P14136	LARQQVHVELDVAKPDLTAALKEIRTQYEAMA	LARQQVHVELDVAKPDLTAA
0.4532176422605392	19.95857598597018	3.9462558997016943	0.001987235537160655	0.04915109372984321	-1.2357750029858456	P14136_ITIPVQTFS	P14136	ITIPVQTFS	Robust - w Patient effect	semi_specific	TMT-labelled	semi_Cterm	not_terminal	Up-regulated Semi-tryptic	GFAP	Glial fibrillary acidic protein	P14136	Glial fibrillary acidic protein	432	377	385	S	N	R	NLQIRETSLD	RKLLEGEENR	not_terminal	P14136	RKLLEGEENRITIPVQTFSNLQIRETSLD	RITIPVQTFSNLQIRETSLD
